Album,Acquired,Art,Artist,Genre Section,Genres,"Great if you like: ",Released,Tracks
The Rise and Fall of a Midwest Princess,2024,albumart/chappellroan_trafoamp.jpg,Chappell Roan,"12""","Alt Pop, Dance Pop, Electronic, Pop, Synthpop","upbeat, 80s-inspired synthpop",2023,"A: Femininomenon*, Red Wine Supernova*, After Midnight*, Coffee, Casual | B: Super Graphic Ultra Modern Girl*, Hot To Go!*, My Kink Is Karma*, Picture You, Kaleidoscope | C: Pink Pony Club*, Naked In Manhattan*, California, Guilty Pleasure*"
She’s So Unusual,2024 (gift),albumart/cyndilauper_ssu.jpg,Cyndi Lauper,"12""","Art Pop, New Wave, Pop Rock",campy but entirely candid girl power jams,1983,"A: Money Changes Everything, Girls Just Want To Have Fun*, When You Were Mine, Time After Time* | B: She Bop*, All Through The Night, Witness, I’ll Kiss You, He’s So Unusual, Yeah Yeah"
The Very Best of Daryl Hall & John Oates,2023 (my first album),albumart/hallandoates_tvbo.jpg,Hall & Oates,"12""","Pop Rock, R&B, Soft Rock",80s pop-rock hooks with a little soul,1975–1984,"A: Sara Smile, Rich Girl*, It’s A Laugh, Wait For Me, You’ve Lost That Lovin’ Feeling | B: Kiss On My List, You Make My Dreams*, Private Eyes, I Can’t Go For That (No Can Do), Did It In A Minute | C: Maneater*, One On One, Family Man, Say It Isn’t So | D: Adult Education, Out of Touch*, Method of Modern Love, Some Things Are Better Left Unsaid"
Photographs & Memories: His Greatest Hits,2024,albumart/jimcroce_pam.jpg,Jim Croce,"12""","Folk, Greatest Hits, Rock",warm 70s folk rock,1974,"A: Bad Bad Leroy Brown*, Operator*, Photographs and Memories*, Rapid Roy (The Stock Car Boy), Time In A Bottle*, New York’s Not My Home*, Workin’ At The Car Wash Blues* | B: I Got A Name*, I’ll Have To Say I Love You In A Song*, You Don’t Mess Around With Jim*, Lover’s Cross, One Less Set Of Footsteps, These Dreams*, Roller Derby Queen*"
Post,2024,albumart/bjork_post.jpg,Björk,Electronic,"Art Pop, Avant-Pop, Experimental Pop",eclectic and adventurous beat-heavy electronic pop,1995,"A: Army Of Me, Hyperballad*, The Modern Things, It’s Oh So Quiet, Enjoy*, You’ve Been Flirting Again | B: Isobel*, Possibly Maybe*, I Miss You*, Cover Me, Headphones"
Homogenic,2024,albumart/bjork_homogenic.jpg,Björk,Electronic,"Art Pop, Electronica, Experimental, Trip Hop","dramatic vocals with sweeping, orchestral strings and electronic art-pop",1997,"A: Hunter*, Joga*, Unravel, Bachelorette*, All Neon Like | B: 5 Years*, Immature, Alarm Call*, Pluto, All Is Full Of Love"
Dreamland,2023,albumart/glassanimals_dreamland.jpg,Glass Animals,Electronic,"Electronic Rock, Indie Pop, Indie Rock","hazy, nostalgic indie-electronic rock",2020,"A: Dreamland, Tangerine*, Hot Sugar, Space Ghost Coast To Coast*, Tokyo Drifting*, Melon And The Coconut, Your Love (Deja Vu) | B: Waterfalls Coming Out Your Mouth, It’s All So Incredibly Loud, Domestic Bliss, Heat Waves*, Helium"
How To Be A Human Being,2023,albumart/glassanimals_htbahb.jpg,Glass Animals,Electronic,"Electronic Rock, Indie Pop, Indie Rock","eclectic, story-driven psychedelic pop",2016,"A: Life Itself*, Youth, Season 2 Episode 3, Pork Soda, Mama’s Gun | B: Cane Shuga, The Oter Side Of Paradise, Take A Slice*, Poplar St*, Agnes"
Hounds of Love,2025,albumart/katebush_hol.jpg,Kate Bush,Electronic,"Art Pop, Art Rock, New Wave, Progressive Pop",running up that hill,1985,"A: Running Up That Hill*, Hounds Of Love*, The Big Sky, Mother Stands For Comfort, Cloudbusting* | B: And Dream Of Sheep, Under Ice, Waking The Witch, Watching You Without Me, Jig of Life, Hello Earth, The Morning Fog"
Oracular Spectacular,2026,albumart/mgmt_os.jpg,MGMT,Electronic,"Electronic Rock, Indietronica, Psychedelic Pop, Psychedelic Rock, Synthpop",trippy indie-pop,2007,"A: Time To Pretend*, Weekend Wars, The Youth*, Electric Feel*, Kids* | B: 4th Dimensional Transition, Pieces Of What*, Of Moons Birds & Monsters, The Handshake, Future Reflections"
Master of Puppets,2024 (gift),albumart/metallica_mop.jpg,Metallica,Rock,Thrash Metal,"relentless, technical thrash metal",1986,"A: Battery, Master Of Puppets*, The Thing That Should Not Be, Welcome Home (Sanitarium)* | B: Disposable Heroes, Leper Messiah, Orion, Damage Inc"
Currents,2026,albumart/tameimpala_currents.jpg,Tame Impala,Electronic,"Disco, Psychedelic Pop, R&B, Synthpop",dreamy psychedelic synths,2015,"A: Let It Happen, Nangs, The Moment | B: Yes I’m Changing, Eventually, Gossip | C: The Less I Know The Better*, Past Life, Disciples, Cause I’m A Man | D: Reality In Motion, Love/Paranoia, New Person Same Old Mistakes*"
White Blood Cells,2025,albumart/thewhitestripes_wbc.jpg,The White Stripes,Rock,"Alt Rock, Garage Rock, Indie Rock","raw, lo-fi garage-rock energy",2001,"A: Dead Leaves And The Dirty Ground, Hotel Yorba, I’m Finding It Harder To Be A Gentleman, Fell In Love With A Girl*, Expecting, Little Room, The Union Forever, The Same Boy You’ve Always Known | B: We’re Going To Be Friends*, Offend In Every Way, I Think I Smell A Rat, Aluminum, I Can’t Wait, Now Mary, I Can Learn, This Protector"
Deadbeat,2026,albumart/tameimpala_deadbeat.jpg,Tame Impala,Electronic,"Dance, Electronic, Psychedelia",bands that are just one guy,2025,"A: My Old Ways*, No Reply, Dracula* | B: Loser*, Oblivion, Not My World | C: Piece of Heaven, Obsolete, Ethereal Connection | D: See You On Monday (You’re Lost), Afterthought, End Of Summer"
Turn Blue,2026,albumart/theblackkeys_tb.jpg,The Black Keys,Rock,"Blues Rock, Garage Rock, Psychedelic Rock, Soul","hazy, psychedelic blues-rock",2014,"A: Weight Of Love, In Time, Turn Blue, Fever*, Year In Review | B: Bullet In The Brain, It’s Up To You Now, Waiting On Words, 10 Lovers, In Our Prime, Gotta Get Away"
The Best of Sam Cooke,2026,albumart/samcooke_tbosc.jpg,Sam Cooke,Funk/Soul,"Dance, R&B, Soul",timeless soul,1962,"A: You Send Me*, Only Sixteen, Everybody Loves to Cha Cha Cha, For Sentimental Reasons, Wonderful World*, Summertime | B: Chain Gang*, Cupid*, Twistin’ The Night Away, Sad Mood, Having A Party, Bring It On Home To Me*"
Comfort Eagle,2026,albumart/cake_ce.jpg,Cake,Rock,"Funk, Pop, Rock","deadpan, funky alternative rock (also: girls in short skirts and long jackets)",2001,"A: Opera Singer, Meanwhile Rick James…, Shadow Stabbing, Short Skirt / Long Jacket, Commissioning A Symphony In C | B: Arco Arena, Comfort Eagle*, Long Line Of Cars, Love You Madly*, Pretty Pink Ribbon, World Of Two"
An Awesome Wave,2025,albumart/altj_aaw.jpg,alt-J,Indie,"Alt Pop, Art Rock, Folktronica, Indie Rock","textured, artsy indie",2012,"A: Intro, Tessellate*, Breezeblocks*, Something Good, Dissolve Me | B: Matilda*, Ms, Fitzpleasure*, Bloodflood, Taro"
Black Holes & Revelations,2026,albumart/muse_bhar.jpg,Muse,Rock,"Alt Rock, Electronic Rock, Hard Rock, Progressive Rock",that one baseball scene in Twilight,2006,"A: Take A Bow, Starlight*, Supermassive Black Hole*, Map Of The Problematique, Soldier's Poem, Invincible | B: Assassin, Exo-Politics, City Of Delusion, Hoodoo, Knights of Cydonia*"
This Is All Yours,2025,albumart/altj_tiay.jpg,alt-J,Indie,"Art Rock, Folktronica, Indie Pop, Indie Rock","experimental, layered indie",2014,"A: Intro, Arrival In Nara, Nara, Every Other Freckle* | B: Left Hand Free*, Garden Of England | C: Hunger Of The Pine, Warm Foothills, The Gospel Of John Hurt | D: Pusher, Blood Flood Pt II, Leaving Nara, Lovely Day"
am,2025,albumart/arcticmonkeys_am.jpg,Arctic Monkeys,Indie,"Alt Rock, Blues Rock, Indie Rock, Pop Rock, R&B",riff-heavy brit alt rock,2013,"A: Do I Wanna Know?*, R U Mine?*, One For The Road, Arabella*, I Want It All, No 1 Party Anthem | B: Mad Sounds, Fireside, Why’d You Only Call Me When You’re High?*, Snap Out Of It, Knee Socks*, I Wanna Be Yours*"
Hozier,2025,albumart/hozier_hozier.jpg,Hozier,Indie,"Blues, Indie Rock, Soul","bluesy, soulful indie-folk",2014,"A: Take Me To Church, Angel Of Small Death & The Codeine Scene, Jackie And Wilson* | B: Someone New*, To Be Alone, From Eden* | C: In A Week, Sedated, Work Song* | D: Like Real People Do*, It Will Come Back, Foreigner’s God*, Cherry Wine"
Runescape OST Classics,2024,albumart/iantaylor_runescape.jpg,Assorted Artists,OST,"Soundtrack, Video Game",Sea Shanty 2,2001,"A: Scape Man, Newbie Melody, Harmony, Autumn Voyage, Yesteryear, Flute Salad | B: Barbarianism, Al Kharid, Sea Shanty 2*, Baroque, Waterfall, Nightfall | C: Adventure, Medieval, Garden, Still Night, Fanfare, Arrival, Horizon | D: Castlewars, Scape Sad, Crystal Sword, Dark, Book Of Spells"
"Wasteland, Baby!",2025,albumart/hozier_wb.jpg,Hozier,Indie,"Blues, Soul",sweeping indie-folk with gospel warmth,2019,"A: Nina Cried Power*, Almost (Sweet Music)*, Movement*, No Plan, Nobody | B: To Noise Making (Sing), As It Was, Shrike*, Talk*, Be | C: Dinner & Diatribes*, Would That I*, Sunlight*, Wasteland Baby! | D: Shrike (Live), Moment’s Silence (Common Tongue), Why Would You Be Loved, Be (Acoustic), NFWMB*"
Unreal Unearth,2025,albumart/hozier_uu.jpg,Hozier,Indie,"Blues, Soul","rich, soulful indie rock",2023,"A: De Selby Part 1, De Selby Part 2*, First Time*, Francesca*, I Carrion (Icarian) | B: Eat Your Young*, Damage Gets Done, Who We Are | C: Son of Nyx, All Things End*, To Someone From A Warm Climate (Uiscefhuaraithe), Butchered Tongue | D: Anything But, Abstract (Psychopomp), Unknown/Nth, First Light*"
Ruby // Sapphire // Emerald 4xLP,2025,albumart/jamminsammiller_rse.jpeg,Jammin' Sam Miller,OST,"Soundtrack, Video Game",Mudkips (and also French horns),2003,"A: Opening Movie: Setting Out On A Journey In The Hoenn Region, Opening Movie: Double Battles, Title Screen: Main Theme*, Introductions, Littleroot Town*, Birch Pokémon Lab, May, H-Help Me!, Battle! Wild Pokémon*, Victory! Wild Pokémon*, Route 101*, Oldale Town, Pokémon Center*, Pokémon Healed, Trainers’ Eyes Meet (Youngster), Trainers’ Eyes Meet (Lass), Battle! Trainer Battle, Victory! Trainer Battle, Level Up!, Petalburg City*, Hurry Along! | B: Route 104, Petalburg Woods, Team Magma Appears!, Battle! Team Aqua/Magma, Victory! Team Aqua/Magma, Rustboro City*, Trainers’ School, Crossing The Sea, Dewford Town*, Trainers’ Eyes Meet (Tuber), Slateport City, Oceanic Museum, Route 110* | C: Cycling*, Game Corner*, Win, Lose, Reel Time, Jackpot, Verdanturf Town*, Route 113*, Twins, Fallarbor Town*, Cable Car, Mt Chimney, Trainers’ Eyes Meet (Hiker), Route 111*, Pokémon Gym, Battle! Gym Leader*, Victory! Gym Leader*, Obtained A Badge! | D: Obtained A TM!, Surf*, Route 119, Fortree City*, Route 120*, Interviewers, Safari Zone, Trainers’ Eyes Meet (Gentleman), Lilycove City*, Art Museum, Move Deleted, Brendan, Battle! Brendan/May, Evolution*, Congratulations! Your Pokémon Evolved!, Poké Mart | E: Mt Pyre, Trainers’ Eyes Meet (Psychic), Trainers’ Eyes Meet (Hex Maniac)*, Mt Pyre Exterior*, Hideout, Obtained An Item!, Team Aqua Appears!, Battle! Team Aqua/Team Magma Leaders*, The Super Ancient Pokémon Awaken!, Drought*, Heavy Rain, Dive*, Sootopolis City*, Cave Of Origin, Abnormal Weather, Rayquaza Appears, Battle! Super Ancient Pokémon* | F: Trainers’ Eyes Meet (Swimmer), Ever Grande City*, Obtained A Berry!, Contest Lobby, Pokémon Contest!, Results Announcement, Contest Winner, Sealed Chamber, Battle! Regis*, The Trick House, Abandoned Ship, Battle Tower, Battle! Mew*, Deoxys Appears*, Battle! Deoxys* | G: Victory Road*, Trainers’ Eyes Meet (Cooltrainer), The Elite Four Appear!, Battle! Elite Four*, Champion Steven, Battle! Steven, Victory! Steven*, Room Of Glory, The Hall Of Fame, Ending Theme, The End | H: Match Call, Battle Frontier*, Battle Tower, Obtained BP, Battle Factory, Battle Arena, Battle Dome, Battle Pike*, Battle Palace*, Battle Pyramid*, Battle Pyramid Summit, Battle! Frontier Brain, Battle Symbol Received!"
Unreal Unearth Unending,2025,albumart/hozier_uuu.jpg,Hozier,Indie,"Blues, Soul",listening to “Too Sweet” on repeat,2024,"E: Too Sweet*, Wildflower and Barley, Empire Now, Fare Well, Through Me (The Flood) | F: Nobody’s Soldier*, July*, That You Are, Swan Upon Leda*, Hymn To Virgil"
Ghost in the Shell (OST),2026,albumart/kenjikawai_gits.jpg,Kenji Kawai,OST,"Experimental, Rock, Soundtrack","haunting, choral cyberpunk atmosphere",1995,"A: Making Of A Cyborg*, Ghosthack, Puppetmaster, Virtual Crime, Ghost City | B: Access, Nightstalker, Floating Museum, Ghostdive, Reincarnation"
Saintmotelevision,2025,albumart/saintmotel_saintmotelevision.jpg,Saint Motel,Indie,Indie Pop,"quirky, retro-tinged indie pop",2016,"A: Move*, Getaway, Destroyer, Born Again, Sweet Talk* | B: You Can Be You, For Elise*, Local Long Distance Relationship (LA2NY), Slow Motion, Happy Accidents"
The Muppet Movie (OST),2023,albumart/themuppets_tmm.jpg,The Muppets,OST,"Movie, Soundtrack",frogs with banjos,1979,"A: Rainbow Connection*, Movin’ Right Along*, Never Before Never Again, Never Before Never Again (Instrumental), I Hope That Somethin’ Better Comes Along* | B: Can You Picture That*, I Hope That Somethin’ Better Comes Along (Instrumental), I’m Going To Go Back There Someday, America, Animal… Come Back Animal, Finale: The Magic Store"
Cleopatra,2026,albumart/thelumineers_cleopatra.jpg,The Lumineers,Indie,"Americana, Folk Rock, Indie Folk",heartfelt folk-rock storytelling,2016,"A: Sleep On The Floor, Ophelia*, Cleopatra*, Gun Song, Angela | B: In The Light, Gale Song, Long Way From Home, Sick In The Head, My Eyes, Patience"
Cowboy Bebop (OST),2023,albumart/theseatbelts_cb.jpg,The Seatbelts,OST,"Anime, Soundtrack","jazzy, genre-hopping tracks to hunt space bounties to",1999,"A: Tank!*, Rush, Spokey Dokey, Bad Dog No Biscuits, Cat Blues | B: Cosmos, Space Lion, Waltz For Zizi, Piano Black, Pot City | C: Too Good Too Bad, Car 24, The Egg And I, Felt Tip Pen, Rain, Digging My Potato, Memory | D: What Planet Is This?, Diamonds, Mushroom Hunting, Einstein Groovin’, Pearls"
The Lumineers,2026,albumart/thelumineers_thelumineers.jpg,The Lumineers,Indie,"Americana, Folk Rock, Indie Folk",OG hipster stomp-clap-hey bands,2012,"A: Flowers In Your Hair*, Classy Girls, Submarines, Dead Sea, Ho Hey, Slow It Down* | B: Stubborn Love*, Big Parade, Charlie Boy, Flapper Girl, Morning Song"
Trio of the Goddesses,2023,albumart/laurencemanningtrio_totg.jpg,Laurence Manning Trio,OST,"Orchestral, Soundtrack, Video Game",orchestral arrangements of Zelda classics,2023,"A: Ballad Of The Goddesses, Tal Tal Heights*, Ballad Of The Windfish, The Great Sea*, The Dark World, Title Theme (from Ocarina of Time)*, Saria’s Song*, Song Of Healing* | B: Main Theme (from The Legend of Zelda)*, Termina Field*, Midna’s Lament, Main Theme (from Breath of the Wild), Mipha’s Theme, Orchestra Piece 1 (from Twilight Princess), Zelda’s Lullaby*, Fi’s Farewell"
Pacific Breeze 2,2023,albumart/pb2.jpg,Assorted Artists,International,City Pop,cruising down a Tokyo highway at night in 1988,1972–1986,"A: Pink Shadow, Yubikiri, Vibration (Love Celebration), Kinoaichi Kosuke no Theme | B: Hidari Mune no Seiza, Last Summer Whisper*, Blind Curve*, I’m In Love* | C: Kindaichi Kosuke Nishi e Iku, The Tokyo Taste, Hot Sand, Rainy Saturday & Coffee Break | D: Skyfire, Kanpoo, Harumifutou, Bay/Sky Provincetown 1977"
Minecraft Alpha,2025,albumart/c418_minecraftalpha.jpg,C418,OST,"Soundtrack, Video Game",peaceful ambient piano and soft synths,2011,"A: Subwoofer Lullaby, Living Mice, Moog City, Haggstrom, Minecraft, Clark | B: Mice On Venus, Dry Hands, Wet Hands, Sweden, Cat*, Danny"
Bewitched (Goddess Edition),2025,albumart/laufey_bewitched.jpg,Laufey,Jazz,"Jazz Pop, Modern Classical","cozy, romantic jazz-pop with classical touches",2024,"A: Dreamer, Second Best, Haunted, Must Be Love | B: While You Were Sleeping, Lovesick, California And Me, Nocturne (Interlude), Promise | C: From The Start*, Misty, Serendipity, Letter To My 13 Year Old Self, Bewitched* | D: Bored, Trouble, It Could Happen To You, Goddess"
The Lord of the Rings,2026,albumart/cityofpraguephilharmonic_lotr.jpg,City of Prague Philharmonic Orchestra,OST,"Movie, Orchestral, Soundtrack","sweeping, epic orchestral fantasy",2003,"A: Concerning Hobbits*, The Fellowship*, The Bridge of Khazad Dum*, May It Be | B: The Riders of Rohan*, Evenstar*, Forth Eorlingas / Isengard Unleashed, Hope And Memory / Minas Tirith, Into The West"
Final Fantasy Tactics,2025,albumart/hitoshisakimoto_fft.jpg,Hitoshi Sakimoto,OST,"Soundtrack, Video Game","grand, orchestral tactical RPG drama",1997,"A: Opening*, Prologue*, Trisection*, Unavoidable Battle, Protagonist’s Theme*, A Chapel*, Brave Story, Pressure (No. 1), Apoplexy* | B: Antipyretic*, Under The Stars*, Precipitous Combat*, Ultima’s Transformation, Epilogue, Credits"
Meet the Beatles,2024 (gift),albumart/thebeatles_mtb.jpg,The Beatles,Rock,"Pop, Pop Rock, Rock",joyful early rock and roll,2026,"A: I Want To Hold Your Hand*, I Saw Her Standing There*, This Boy, It Won’t Be Long, All I’ve Got To Do, All My Loving* | B: Don’t Bother Me, Little Child, Till There Was You, Hold Me Tight, I Wanna Be Your Man, Not A Second Time"
Rumours,2026,albumart/fleetwoodmac_rumours.jpg,Fleetwood Mac,Rock,"Pop Rock, Rock, Soft Rock",emotionally raw soft rock,1977,"A: Second Hand News, Dreams*, Never Going Back Again, Don’t Stop, Go Your Own Way*, Songbird | B: The Chain*, You Make Loving Fun*, I Don’t Want To Know, Oh Daddy, Gold Dust Woman"
Exile on Mainstream,2023,albumart/matchboxtwenty_eom.jpg,Matchbox Twenty,Rock,"Alt Rock, Pop Punk, Post-Grunge",radio rock comfort hits,2007,"A: How Far We’ve Come, I’ll Believe You When, All Your Reasons, These Hard Times, If I Fall, Can’t Let You Go* | B: Long Day*, Push, 3 AM*, Real World | C: Back 2 Good, Bent, If You’re Gone* | D: Mad Season*, Disease*, Unwell, Bright Lights*"
Three Cheers for Sweet Revenge,2023,albumart/mcr_tcfsr.jpg,My Chemical Romance,Rock,"Alt Rock, Emo, Pop Punk, Post-Hardcore, Punk Rock","aggressive, dramatic punk-rock energy",2004,"A: Helena*, Give ‘Em Hell Kid*, To The End*, You Know What They Do To Guys Like Us In Prison*, I’m Not Okay (I Promise), The Ghost Of You*, The Jetset Life Is Gonna Kill You | B: Interlude, Thank You For The Venom*, Hang ‘Em High*, It’s Not A Fashion Statement It’s A Deathwish, Cemetery Drive, I Never Told You What I Do For A Living"
The Black Parade,2023,albumart/mcr_tbp.jpg,My Chemical Romance,Rock,"Alt Rock, Emo, Glam Rock, Hard Rock, Pop Punk, Punk Rock",shopping at Hot Topic,2006,"A: The End, Dead*, This Is How I Disappear*, The Sharpest Lives*, Welcome To The Black Parade*, I Don’t Love You, House Of Wolves*, Cancer | B: Mama, Sleep, Teenagers*, Disenchanted*, Famous Last Words*"
The Presidents of the United States of America,2025,albumart/tpotusa_tpotusa.jpg,POTUSA,Rock,Alt Rock,"millions of peaches, peaches for free",1995,"A: Kitty*, Feather Pluckn, Lump*, Stranger, Boll Weevil, Peaches*, Dune Buggy* | B: We Are Not Going To Make It, Kick Out The Jams*, Body, Back Porch, Candy, Naked And Famous"
Greatest Hits,2025,albumart/queen_gh.jpg,Queen,Rock,Rock,"theatrical, genre-spanning classic rock anthems",1981,"A: Bohemian Rhapsody*, Another One Bites The Dust, Killer Queen*, Fat Bottomed Girls* | B: Bicycle Race*, You’re My Best Friend*, Don’t Stop Me Now*, Save Me | C: Crazy Little Thing Called Love*, Somebody To Love*, Now I’m Here, Good Old Fashioned Lover Boy | D: Play The Game, Flash*, Seven Seas of Rhye, We Will Rock You*, We Are The Champions*"
Metal Health,2024 (gift),albumart/quietriot_mh.jpg,Quiet Riot,Rock,"Glam Metal, Hard Rock, Heavy Metal","loud, party-ready 80s glam metal",1983,"A: Metal Health*, Cum On Feel The Noize*, Don’t Wanna Let You Go, Slick Black Cadillac, Love’s A Bitch | B: Breathless, Run For Cover, Battle Axe, Let’s Get Crazy, Thunderbird"
OK Computer,2026,albumart/radiohead_okc.jpg,Radiohead,Rock,"Alt Rock, Art Rock","anxious, atmospheric art-rock",1997,"A: Airbag, Paranoid Android, Subterranean Homesick Alien* | B: Exit Music (For A Film), Let Down, Karma Police* | C: Fitter Happier, Electioneering*, Climbing Up The Walls, No Surprises* | D: Lucky, The Tourist"
A Fever You Can’t Sweat Out,2026,albumart/patd_afycso.jpg,Panic! At The Disco,Rock,"Alt Rock, Baroque Pop, Dance Punk, Electronica, Emo, Pop Punk",songs with titles longer than the actual song,2005,"A: Introduction, The Only Difference Between Martyrdom And Suicide Is Press Coverage*, London Beckoned Songs About Money Written By Machines*, Nails For Breakfast Tacks For Snacks, Camisado*, Time To Dance*, Lying Is The Most Fun A Girl Can Have Without Taking Her Clothes Off*, Intermission | B: But It’s Better If You Do, I Write Sins Not Tragedies*, I Constantly Thank God For Esteban, There’s A Good Reason These Tables Are Numbered Honey You Just Haven’t Thought Of It Yet, Build God Then We’ll Talk*"
The Legend Of Zelda: Majora’s Mask,2026,albumart/kojikondo_mm.jpg,Koji Kondo,OST,"Soundtrack, Video Game",kid’s games that make you feel things,2000,"A: Title Demo, Opening Theme, Chase Theme, Cave, Majora’s Theme, Clock Tower, Happy Mask Salesman, Clock Town Day 1*, Fairy Fountain*, Mayor’s House Concil Room, Milk Bar* | B: House*, Kamaro’s Dance, Shop*, Fencing Grounds, Get Heart Container, Clock Town Day 3*, Keaton Quiz, Shooting Gallery, Dancer, Minigame, Final Hours, Astral Observatory*, Recollection of Zelda, Ocarina (Song of Time / Song of Healing), Song Of Healing Demo*, Get Ocarina / Get Mask, Ocarina (Inverted Song of Time), Ocarina (Song Of Double Time), Termina Field*, Ocarina (Song Of Soaring), Gale Warp, Dungeon Appears | C: Owl’s Theme, Battle / Game Over, Treasure Box, Catch Item, Catch Small Item, Southern Swamp, Magic Hag’s House, Woods of Mystery, Jungle Cruise, Deku Palace*, Ocarina (Sonata of Awakening), Get Sonato of Awakening, Woodfall Temple, Middle Boss Battle, Woodfall Clear, Giants’ Theme, Ocarina (Oath to Order), Get Oath to Order, Gorman Track, Horse Race / Goal*, Snow Mountain | D: Ocarina (The Elder’s Song), Goron’s Shrine, Ocarina (Goron Lullaby), Get Goron Lullaby, Snowhead Temple, Boss Battle / Boss Clear, Snowhead Clear, Goron Race*, Goron Race Goal*, Song of Frogs, Romani Ranch*, Ocarina (Epona’s Song), Bremen March*, The Monster Raid, Event Clear, Event Failure 1, Cremia’s Wagon, Event Failure 2, Great Bay Coast, Mikau’s Cry / Ending, Marine Research Laboratory, Pirate Fortress*, Zora Hall* | E: Dum Practice Music / Bass / Piano, Practice Music, Bass & Guitar Sessions, Evan’s Piano Solo, Ocarina (New Wave Bossa Nova), Get New Wave Boss Nova*, Great Bay Temple, Zora Band, Ballad of the Wind Fish, Ikana Valley*, Ocarina (Song of the Storm), Sharp’s Curse, Music Box House*, Ikana Castle*, Ocarina (Elegy of Emptiness), Get Elegy of Emptiness, Stone Tower Temple*, Calling the Four Giants, Tatl and Tael Meet Again, Majora’s Mask Moon / Battle*, Majora’s Incarnation Battle*, Majora’s Wrath Battle*, The Moon Disappears, The Giants’ Exit, Staff Roll, Ocarina (Sun’s Song), Fanfare, New Wave Bossa Nova with Lulu*, Intro Woods, Termina Field (Orchestrated), TV Commercial, Our World Awaits You! / Target Promo Remix"
Final Fantasy X -Eternal Calm-,2026,albumart/uematsu_ffx.jpg,Nobuo Uematsu,OST,"Soundtrack, Video Game",,2026,"A: To Zanarkand*, Otherworld*, This Is Your Story, Tidus’ Theme, Besaid*, Blitz Off | B: Enemy Attack, Fight With Seymour*, The Truth Revealed, A Contest of Aeons | C: Hymn of the Fayth, Spira Unplugged*, Yuna’s Theme*, The Sending*, Servants of the Mountain, Via Purifico | D: Yuna’s Decision*, Suteki Da Ne?, A Fleeting Dream*, Ending Theme"
